method,mean_adjacent_correlation,column_variance,unique_score_ratio,mse,accuracy,correlation
baseline_batch,-0.28122857641027305,0.10482812500000001,0.5454545454545453,0.13175,0.8234375,0.6985783434528413
independent,-0.3000259395363089,0.14168164062499997,0.9909090909090909,0.119125,0.8,0.7265549688613436
filler_token_batch,-0.24905591376086877,0.11079785156250002,0.9363636363636363,0.095609375,0.834375,0.7958677843680428
